ArcherID,FirstName,LastName,DOB,Gender,ClubID
1,'Blanche','Gieves','1972-05-01','Female',89
2,'Celinka','Cowerd','1993-04-04','Female',89
3,'Townsend','Fewings','1968-10-28','Male',51
4,'Glendon','Medway','1999-09-16','Male',138
5,'Inez','Curtin','1981-12-05','Female',100
6,'Adey','Rzehor','1983-10-17','Female',125
7,'Kelley','Durdan','1972-11-25','Female',69
8,'Aleen','Attard','1994-03-15','Female',21
9,'Inesita','MacGhee','1997-03-14','Female',15
10,'Abigael','Mielnik','1982-08-26','Female',109
11,'Christen','Luquet','1992-02-06','Female',150
12,'Marjory','Toplin','1999-05-20','Female',126
13,'Dunn','Hovard','1981-02-27','Male',9
14,'Lorine','Dibbe','1970-11-23','Female',95
15,'Dorena','Worman','1988-12-30','Female',127
16,'Ramsay','Aubrey','1975-12-22','Male',44
17,'Burke','Gladstone','2006-08-07','Male',74
18,'Danya','Pitsall','1976-09-17','Female',124
19,'Trina','Mennell','1973-10-22','Female',58
20,'Mira','Pridham','1972-11-03','Female',36
21,'Sallie','Spriggin','1998-09-19','Female',86
22,'Arnold','Stoner','2005-08-08','Male',94
23,'Conrado','Mount','2001-03-08','Male',121
24,'Branden','Shovell','1992-04-07','Male',49
25,'Melisande','Bremen','1972-05-14','Female',135
26,'Marshal','Ferrick','1964-01-20','Male',89
27,'Lilias','Trussell','1984-06-02','Female',11
28,'Ira','Wrennall','1994-06-29','Male',100
29,'Ernesto','Silbersak','1980-06-07','Male',144
30,'Darlene','Venn','1983-06-25','Female',82
31,'Shae','Huikerby','2005-10-16','Male',52
32,'Millard','Pavlenko','2001-04-11','Male',116
33,'Clarita','Zecchinii','1997-11-20','Female',77
34,'Hank','Guierre','1972-06-07','Male',112
35,'Salvador','Van der Velden','1970-12-29','Male',55
36,'Lloyd','Chapelhow','1960-04-03','Male',27
37,'Verile','Sprey','1982-08-25','Female',79
38,'Hedi','Bartrop','1968-08-07','Female',16
39,'Beaufort','McKeney','1985-05-21','Male',30
40,'Lonnie','Ferguson','1972-07-28','Female',49
41,'Rainer','Redman','1973-05-05','Male',139
42,'Emilio','Laffranconi','1990-11-23','Male',124
43,'Gauthier','Barbosa','2003-11-23','Male',104
44,'Jared','Normabell','1999-05-05','Male',102
45,'Donnie','Frostdicke','1986-12-21','Male',18
46,'Dorise','Klosges','1980-10-26','Female',39
47,'Brenda','Dimelow','1993-09-25','Female',116
48,'Andie','Blant','2007-11-14','Female',87
49,'Jerri','Ranaghan','2006-06-27','Male',105
50,'Chiquita','Sharvill','1970-01-22','Female',100
51,'Gabrila','Plews','1972-05-12','Female',95
52,'Heda','Maud','1976-01-11','Female',83
53,'Samuele','Aynsley','1998-05-05','Male',85
54,'Myles','Crab','2001-05-16','Male',142
55,'Flossy','Mazzey','1977-01-29','Female',57
56,'Ericka','Cursley','1998-06-10','Female',74
57,'Minnaminnie','Caves','2007-12-02','Female',48
58,'Melloney','Broz','1987-09-29','Female',53
59,'Stacy','Champniss','1982-05-28','Female',109
60,'Cammie','Georgescu','2001-07-10','Female',104
61,'Alvan','McCree','1995-03-18','Male',139
62,'Ado','Gadman','1984-11-08','Male',8
63,'Elijah','Corkell','2004-09-09','Male',66
64,'Cristin','Windsor','1987-10-21','Female',56
65,'Jo','Jeaffreson','1981-11-10','Female',82
66,'Rebe','MacKibbon','1997-08-08','Female',108
67,'Gale','Petrasch','1973-07-09','Male',16
68,'Dennet','Polson','1984-02-09','Male',89
69,'Dell','Betjes','1972-08-16','Female',53
70,'Carena','Jozwiak','2007-05-14','Female',26
71,'Rochette','Epiley','2006-07-25','Female',34
72,'Orella','Brunt','1972-05-22','Female',14
73,'Othilie','Bainton','1980-11-25','Female',8
74,'Maure','Nestor','1985-10-14','Female',130
75,'Winne','McTrustie','1977-05-02','Male',134
76,'Garwood','Peperell','1987-05-11','Male',108
77,'Whit','Harrap','2002-02-23','Male',45
78,'Jodi','Owain','1997-01-14','Female',78
79,'Basilio','Lorenzo','1974-12-28','Male',25
80,'Neddie','Bonham','1997-10-26','Male',88
81,'Leopold','McGiffin','2007-09-12','Male',120
82,'Berta','Maynard','1979-03-19','Female',145
83,'Esme','Bysshe','1998-01-23','Male',23
84,'Siana','Dunkerly','1988-06-29','Female',103
85,'Haskell','Sneddon','1975-06-19','Male',133
86,'Biron','Gwilt','1975-03-07','Male',62
87,'Stephi','Tummond','1981-05-10','Female',142
88,'Danielle','Bazelle','1981-10-01','Female',102
89,'Clarisse','Spurdens','1992-11-01','Female',47
90,'Lucretia','Tuttiett','1996-12-10','Female',91
91,'Cherin','Vannah','1971-08-09','Female',32
92,'Tandi','Lindberg','1974-11-26','Female',118
93,'Maddie','Iacabucci','2000-07-11','Female',31
94,'Alene','Rehme','1974-02-11','Female',77
95,'Karney','Lockier','2006-05-26','Male',143
96,'Maurie','Bill','1979-06-29','Male',32
97,'Emylee','Stapley','2001-08-06','Female',100
98,'Werner','Kryszka','1980-01-18','Male',23
99,'Bee','Gyorgy','2000-09-14','Female',69
100,'Silva','Brackpool','1981-03-25','Female',124
101,'Borden','Amerighi','1990-06-18','Male',56
102,'Stefania','Bristowe','1993-01-17','Female',50
103,'Marnie','Jeanin','1973-10-04','Female',56
104,'Norry','Belloch','1984-01-08','Male',7
105,'Joly','Duffer','2001-05-19','Male',56
106,'Tannie','Cronkshaw','1984-10-05','Female',53
107,'Nolana','Rice','2000-07-05','Female',98
108,'Norris','Voyce','1981-05-02','Male',61
109,'Ethel','Wight','2006-12-25','Female',72
110,'Brock','Denisevich','1979-03-19','Male',96
111,'Jillane','Haresign','1993-03-29','Female',48
112,'Rudiger','Hunnicutt','1997-09-12','Male',37
113,'Elbertina','Culcheth','2001-10-17','Female',122
114,'Norine','Cotterill','1979-09-19','Female',55
115,'Cecile','Sirette','1981-07-14','Female',51
116,'Cody','Butcher','2003-07-09','Female',36
117,'Tiffanie','Beere','1991-06-28','Female',90
118,'Tedra','Edelsten','1981-10-26','Female',141
119,'Mabel','Grout','1977-01-26','Female',34
120,'Beulah','Gowanson','1997-03-17','Female',107
121,'Lilli','Dearell','1988-05-26','Female',109
122,'Kendre','Eary','1987-09-27','Female',57
123,'Rhianna','Leve','1990-06-23','Female',70
124,'Elijah','Szymanzyk','1983-05-06','Male',58
125,'Darsey','Elix','1994-07-06','Female',139
126,'Ruthi','Gersam','1987-10-08','Female',55
127,'Danie','Tebb','1976-10-04','Female',29
128,'Ula','Vanin','1999-05-22','Female',109
129,'Laurice','Diggar','1993-07-10','Female',128
130,'Donielle','Loynton','2003-06-22','Female',105
131,'Orelia','Leborgne','1992-09-10','Female',55
132,'Rosaleen','Burgane','1973-02-06','Female',92
133,'Orsola','Jermyn','1981-05-16','Female',95
134,'Martynne','Luty','1982-01-22','Female',101
135,'Ibbie','Karlenski','2004-05-19','Female',60
136,'Rochelle','Lindl','1997-05-29','Female',111
137,'Nicol','McCaster','1972-05-26','Male',104
138,'Gwendolin','MacGuigan','1983-11-05','Female',95
139,'Gipsy','Ritchman','1995-02-28','Female',80
140,'Meridel','Maddison','1996-11-13','Female',56
141,'Fredericka','Torbet','1971-12-23','Female',84
142,'Rudolfo','Ballantyne','1986-10-13','Male',47
143,'Kiri','Griss','1994-11-12','Female',144
144,'Marget','Vannozzi','2003-03-20','Female',121
145,'Deeann','Ayre','1982-08-02','Female',118
146,'Dorita','Laundon','2003-10-05','Female',45
147,'Ned','Callery','1990-08-11','Male',62
148,'Julee','Tapsell','1986-05-27','Female',106
149,'Cecil','Luttgert','1975-02-18','Male',79
150,'Kristo','Atlay','1992-05-11','Male',71
151,'Sella','Bonifazio','1982-12-18','Female',79
152,'Pauli','Tibb','1980-06-14','Female',36
153,'Shanie','Loudiane','1993-08-21','Female',91
154,'Emery','Gatchell','1976-08-22','Female',89
155,'Jarvis','Smalles','1991-12-19','Male',41
156,'Maure','Nind','1987-02-10','Female',61
157,'Pammy','McBeath','1974-06-25','Female',46
158,'Anastasia','McIlhagga','1996-11-14','Female',119
159,'Jandy','Andric','1981-03-11','Female',123
160,'Norry','Speenden','2006-11-02','Male',64
161,'Leonanie','Conkay','1995-07-18','Female',117
162,'Eden','Dunks','2003-12-26','Female',38
163,'Lazar','Cozzi','1976-03-16','Male',116
164,'Vikky','Howlings','1996-08-15','Female',92
165,'Terese','Sollon','1992-08-24','Female',103
166,'Sibylla','Dowle','1974-10-12','Female',63
167,'Benedikta','Mincher','1991-09-23','Female',68
168,'Marty','Stachini','1980-05-22','Male',141
169,'Adaline','Gheerhaert','1997-10-23','Female',72
170,'Clarice','Teffrey','2001-01-10','Female',121
171,'Berty','Allaway','1990-05-13','Male',145
172,'Norrie','Wood','1987-12-11','Male',34
173,'Eloisa','Westrope','1974-11-26','Female',96
174,'Anallese','Paulsen','1985-10-23','Female',139
175,'Garold','Bourgourd','1988-11-27','Male',35
176,'Tiffanie','Etches','1983-02-21','Female',96
177,'Bonnibelle','Brewerton','2007-03-22','Female',101
178,'Rica','Clogg','1980-09-18','Female',82
179,'Jaye','Lowdwell','2004-01-22','Female',41
180,'Dacey','Stollmeyer','1994-06-07','Female',89
181,'Babita','McCarlie','1993-09-15','Female',130
182,'Tiff','MacCaghan','1973-12-24','Female',127
183,'Elijah','Kirman','1972-05-05','Male',57
184,'Nollie','Hounsom','1984-08-20','Female',88
185,'Pat','Ruddlesdin','2001-07-16','Male',115
186,'Adelheid','Rollingson','1978-06-01','Female',143
187,'Hill','Thowless','1995-11-01','Male',142
188,'Wynn','Fidelli','2007-10-12','Female',140
189,'Adi','Zellick','1972-11-14','Male',145
190,'Gian','Janin','2006-09-17','Male',90
191,'Lorrie','Randal','1972-01-07','Female',102
192,'Kassie','Bulpit','1984-11-18','Female',38
193,'Carmelle','St Louis','1979-05-24','Female',67
194,'Federico','Antoniewski','1990-11-19','Male',25
195,'Zorah','Cutajar','1986-10-16','Female',132
196,'Louie','Pendock','1974-12-21','Male',87
197,'Cathy','Asty','2003-07-05','Female',111
198,'Tate','Bacon','2003-01-12','Male',97
199,'Malia','Cartmell','1985-07-07','Female',104
200,'Julian','Bartocci','1984-12-11','Male',93
201,'Georgeta','Lammerts','1979-03-14','Female',65
202,'Kurt','Paolillo','1971-05-20','Male',84
203,'Martguerita','Cartmael','2007-02-26','Female',90
204,'Vernor','Maben','1987-05-21','Male',30
205,'Cristine','McQuie','1983-05-11','Female',111
206,'Alvira','Tallach','1994-08-27','Female',122
207,'Lowe','De Cullip','2005-08-11','Male',110
208,'Dulce','Hellwing','2005-01-03','Female',121
209,'Thorin','Mattis','2003-09-10','Male',57
210,'Jo','Robioneau','1988-01-06','Female',89
211,'Tyrone','Meineking','1972-06-07','Male',81
212,'Nari','Dardis','1977-08-16','Female',92
213,'Guillemette','Choulerton','1975-08-21','Female',117
214,'Marlin','Schelle','1988-03-06','Male',71
215,'Aile','Mowsdill','2002-05-25','Female',88
216,'Wally','Shutte','2005-11-20','Male',111
217,'Carola','Kulicke','1972-09-19','Female',139
218,'Hymie','Vials','1996-12-18','Male',106
219,'Pierre','MacVagh','1984-12-11','Male',119
220,'Shirl','Middleton','1985-08-02','Female',92
221,'Dania','Menichillo','1979-11-16','Female',110
222,'Emil','Pugh','2004-05-14','Male',107
223,'Rodie','Lunk','1990-09-05','Female',118
224,'Gian','Hillhouse','1999-12-05','Male',77
225,'Kelbee','Twittey','1979-09-01','Male',71
226,'Lauren','Itzakson','1974-06-11','Female',50
227,'Brocky','Millership','1988-07-12','Male',78
228,'Karlik','Olivari','1984-03-16','Male',112
229,'Sherri','Olekhov','1986-09-13','Female',90
230,'Anette','Echallier','1983-01-03','Female',116
231,'Dwain','Pyke','2002-01-17','Male',66
232,'Jeniece','Tarry','1997-05-02','Female',101
233,'Fons','Wendover','1979-09-11','Male',108
234,'Elspeth','Gorvette','1982-11-26','Female',136
235,'Dyane','Colerick','1993-03-17','Female',117
236,'Angel','Cafferky','1983-12-07','Female',70
237,'Lorry','Longhurst','2004-06-16','Female',114
238,'Udall','Simes','1974-11-06','Male',77
239,'Tiffie','Panniers','1985-10-26','Female',51
240,'Marline','Cawte','1997-07-05','Female',89
241,'Emili','Northedge','1978-05-11','Female',34
242,'Nannette','Gateson','2000-10-22','Female',86
243,'Jodi','Lindenberg','1977-06-12','Female',40
244,'Syman','Macieja','2005-02-18','Male',74
245,'Aili','Byass','1974-01-15','Female',25
246,'Marleah','Delepine','1984-09-10','Female',130
247,'Orella','Gillson','1974-10-09','Female',20
248,'Sallee','Pfeffle','2003-03-19','Female',96
249,'Cull','Towey','1981-11-09','Male',49
250,'Meryl','Braddock','1997-11-11','Female',77
251,'Ozzie','Hamm','1987-11-29','Male',24
252,'Ardelia','Agglio','1974-08-01','Female',103
253,'Gertrude','Grogona','1996-08-13','Female',102
254,'Fredi','Crankshaw','2007-05-15','Male',86
255,'Cassaundra','Gillford','1979-09-11','Female',120
256,'Marquita','Bock','1976-09-03','Female',38
257,'Alana','Bewsey','1988-08-18','Female',48
258,'Adrian','Vlasin','1984-03-19','Male',74
259,'Kerstin','Cawthera','1991-03-24','Female',68
260,'Ado','Ikringill','1998-02-23','Male',132
261,'Ashlen','Dingivan','1985-01-20','Female',104
262,'Lurline','Gentiry','1987-08-25','Female',95
263,'Wilton','Bert','1979-09-25','Male',66
264,'Erick','Pulleyne','1997-06-06','Male',47
265,'Joannes','Zimmermann','1993-07-18','Female',123
266,'Ileana','Vasenkov','1990-09-23','Female',47
267,'Koo','Riccardini','2006-08-09','Female',87
268,'Hernando','Gally','1992-12-12','Male',108
269,'Minnnie','Stonhard','1977-07-10','Female',60
270,'Merna','Allman','1998-07-05','Female',79
271,'Karlotta','Wade','1978-07-26','Female',104
272,'Lydon','Keele','1993-12-25','Male',131
273,'Carline','Souris','1994-10-25','Female',46
274,'Robinet','Ducarne','1974-09-09','Male',107
275,'Alidia','Belford','1985-08-16','Female',35
276,'Marlo','Bum','1995-03-28','Male',50
277,'Jaclin','Matuska','1993-10-25','Female',99
278,'Avie','Strethill','1991-03-01','Female',74
279,'Lotta','Kunkler','1973-03-19','Female',61
280,'Ginger','Gillbee','1987-12-25','Female',90
281,'Gaelan','Stronough','1995-10-29','Male',139
282,'Yankee','Mangham','1976-01-12','Male',55
283,'Alison','Marmyon','1983-05-15','Female',40
284,'Anabelle','Sawbridge','1991-02-26','Female',112
285,'Delcine','Wey','2000-08-29','Female',46
286,'Leda','Burcher','1996-09-27','Female',141
287,'Ambrosi','MacManus','1972-08-23','Male',145
288,'Con','Pallaske','1979-11-18','Male',114
289,'Glynn','Lansbury','1973-11-20','Male',83
290,'Anabelle','Ireland','1984-05-19','Female',134
291,'Krisha','Fidelli','1974-12-15','Male',88
292,'Erny','Bitchener','1972-06-25','Male',56
293,'Kary','Toun','1983-10-15','Female',137
294,'Elysha','Ganiclef','1998-06-02','Female',121
295,'Ora','McNeill','1994-02-23','Female',139
296,'Lil','Satterfitt','1992-09-20','Female',87
297,'Jone','Ankrett','1975-03-08','Male',39
298,'Lotti','Dealy','2000-09-07','Female',87
299,'Coretta','Hurran','1973-10-08','Female',119
300,'Delores','Trowel','1984-10-07','Female',134
301,'Lizzy','Kreuzer','1973-11-21','Female',97
302,'Blane','Cusworth','2006-03-05','Male',108
303,'Carson','Duggin','1983-11-20','Male',100
304,'Valencia','Pirrey','1976-07-22','Female',140
305,'Siward','Howgate','1979-10-04','Male',63
306,'Neall','Vere','1981-10-18','Male',86
307,'Leonhard','Downer','1979-05-19','Male',98
308,'Rozanna','Huikerby','1987-06-26','Female',136
309,'Lynnett','Dufton','1973-02-19','Female',38
310,'Ellen','Cattermoul','1986-07-01','Female',70
311,'Elisabetta','McFie','1977-03-18','Female',64
312,'Bettina','Matzen','1983-12-27','Female',78
313,'Joachim','Linnell','1985-02-09','Male',92
314,'Brandy','Boullin','1981-10-16','Female',42
315,'Valina','Casse','1974-03-05','Female',127
316,'Elita','Dumper','1983-02-02','Female',133
317,'Jemima','Barrell','1996-11-15','Female',58
318,'Cristobal','Kenford','1977-03-03','Male',90
319,'Doralin','Binnion','1984-02-13','Female',126
320,'Shannen','Geaveny','1987-10-07','Female',137
321,'Kara','Eskins','2006-03-05','Female',81
322,'Blane','Burlay','1994-03-22','Male',48
323,'Irita','MacTurlough','1991-09-20','Female',140
324,'Jens','Arnholdt','1997-01-03','Male',98
325,'Florian','Slocomb','1973-01-13','Male',82
326,'Dulciana','Espinheira','1997-11-23','Female',136
327,'Lolita','Dunge','1996-06-26','Female',110
328,'Jinny','Glenn','1981-09-22','Female',83
329,'Katinka','Pattington','1973-07-07','Female',85
330,'Rory','Cruickshank','1991-10-03','Male',95
331,'Gareth','Thirwell','1984-06-06','Male',104
332,'Thurstan','Matthisson','2001-08-09','Male',94
333,'Clarita','Ducarel','2006-10-08','Female',126
334,'Gasper','Dohmer','1980-08-12','Male',96
335,'Giovanna','Ranner','1980-08-07','Female',137
336,'Laurie','Westmancoat','1987-07-02','Female',132
337,'Elisabet','Mongin','1974-03-06','Female',75
338,'Freida','Mantripp','1997-10-13','Female',66
339,'Corrina','Pilfold','1988-05-11','Female',50
340,'Leonora','Torres','2005-08-18','Female',102
341,'Dwight','Syder','1974-10-07','Male',76
342,'Eda','Starrs','1981-10-19','Female',45
343,'Vinny','Wren','1985-12-19','Male',65
344,'Wally','Kerwen','1999-03-05','Male',109
345,'Adaline','Garforth','1987-06-19','Female',116
346,'Sallie','Fenney','1990-02-20','Female',52
347,'Claudia','Olsen','1995-03-05','Female',81
348,'Waverley','Domoney','1981-05-16','Male',132
349,'Marlo','Cicco','1974-02-01','Male',83
350,'Alvie','Jiruch','1997-10-04','Male',100
351,'Lyndsie','Drysdall','1996-08-21','Female',97
352,'Em','Goldthorp','1996-12-17','Female',107
353,'Juliana','McCree','2002-07-23','Female',132
354,'Doralynne','Kenneway','2007-05-16','Female',123
355,'Stace','Troughton','1973-08-23','Male',46
356,'Dorelle','MacMychem','1990-06-06','Female',130
357,'Bud','Bernini','1973-03-07','Male',70
358,'Denna','Winchester','2001-07-12','Female',136
359,'Tandi','Burras','1994-01-25','Female',98
360,'Winna','Dinsmore','1988-07-28','Female',133
361,'Dode','Biddlecombe','1975-08-25','Female',116
362,'Eveleen','Carruth','1984-06-25','Female',56
363,'Wilburt','Kuhle','1994-06-06','Male',117
364,'Jody','Catlow','1973-10-27','Female',94
365,'Nady','Sheather','1976-09-18','Female',141
366,'Fanechka','Ferrarello','1984-12-08','Female',77
367,'Rozelle','Wheatman','1995-01-17','Female',55
368,'Luz','Bartozzi','2004-11-02','Female',57
369,'Hollyanne','Ingle','1977-02-07','Female',128
370,'Inglis','Suff','1996-11-12','Male',122
371,'Rheba','Wildon','1975-07-19','Female',123
372,'Susann','Gatheral','1975-08-05','Female',79
373,'Kellen','MacNish','1988-06-16','Male',99
374,'Aurelie','Porterfield','1995-12-01','Female',132
375,'Rochella','Brisley','1978-10-26','Female',131
376,'Thaddus','Jellard','1976-11-17','Male',57
377,'Jerald','Thompkins','1983-11-17','Male',123
378,'Cody','Lovelace','2001-03-24','Female',115
379,'Fremont','Holbeche','1984-06-29','Male',103
380,'Carita','Huskinson','1992-01-03','Female',92
381,'Hermina','Delia','1975-05-13','Female',114
382,'Saudra','Tibble','1997-06-22','Female',84
383,'Adlai','Hagerty','2004-01-16','Male',123
384,'Lorilyn','Rogliero','1986-11-28','Female',138
385,'Cobbie','Yesson','2003-05-15','Male',97
386,'Murray','Cullingworth','2003-11-05','Male',62
387,'Alexandr','McGowran','1990-02-21','Male',129
388,'Westleigh','Pywell','1997-09-21','Male',122
389,'Petronella','Smalley','1978-10-22','Female',56
390,'Tana','Hurtic','1992-07-23','Female',94
391,'Faina','Cockeram','1983-10-16','Female',88
392,'Judye','Kopfer','1982-07-13','Female',134
393,'Krissie','Wallinger','2004-03-21','Female',140
394,'Tannie','Alesbrook','1985-10-24','Female',75
395,'Gracie','Purse','1976-11-30','Female',47
396,'Sissy','Bourbon','1976-12-16','Female',101
397,'Marquita','Bock','1979-09-11','Female',131
398,'Ivor','Swaite','1970-04-22','Male',22
399,'Ardyth','Dâ€™Angelo','1989-02-14','Female',113
400,'Martita','McKim','1982-04-21','Female',33
401,'Lezley','McMeekin','1998-02-03','Female',63
402,'Eamon','McFadzean','1986-06-19','Male',147
403,'Sherwin','Kershaw','1977-03-22','Male',99
404,'Kiley','McCabe','2000-04-12','Female',137
405,'Marnie','McIlroy','1989-06-21','Female',101
406,'Latia','McCaffrey','1980-02-14','Female',73
407,'Celesta','McManus','1991-08-09','Female',129
408,'Lindy','Bunting','1975-09-25','Female',61
409,'Alva','Sheerin','2000-12-16','Female',60
410,'Griselda','Blundell','1985-04-17','Female',114
411,'Griselda','Blundell','1985-04-17','Female',114
412,'Deneen','McHale','1995-03-07','Female',100
413,'Cleo','McGilvray','1978-10-17','Female',99
414,'Katerina','McIntyre','1971-12-21','Female',115
415,'Marnia','McCabe','1983-07-12','Female',42
416,'Sherwin','MacDougall','1989-11-10','Male',126
417,'Doralyn','McIntyre','1992-02-09','Female',82
418,'Eamon','McArthur','1976-05-19','Male',109
419,'Lezley','McAvoy','1981-09-23','Female',70
420,'Sherwin','McCabe','1982-08-21','Male',39
421,'Marita','MacKinnon','2002-09-18','Female',106
422,'Ivor','McLean','1973-01-12','Male',80
423,'Griselda','MacDonald','1990-03-04','Female',67
424,'Celesta','McGregor','1984-06-23','Female',135
425,'Lindy','McKenzie','1972-02-09','Female',112
426,'Alva','McKinnon','1998-07-14','Female',43
427,'Deneen','McLeod','1989-05-19','Female',78
428,'Cleo','McMillan','1982-03-05','Female',102
429,'Katerina','McPherson','1994-01-28','Female',33
430,'Marnie','MacTavish','1979-10-26','Female',118
431,'Sherwin','MacKay','1974-08-14','Male',94
432,'Doralyn','Mackenzie','1987-11-23','Female',123
433,'Eamon','MacLeod','1996-06-07','Male',30
434,'Lezley','MacMillan','1986-01-21','Female',27
435,'Sherwin','MacPherson','1977-05-02','Male',144
436,'Marita','MacDougall','1999-01-12','Female',104
437,'Ivor','Macintosh','1970-11-19','Male',111
438,'Griselda','MacKinnon','1983-12-16','Female',88
439,'Celesta','MacDonald','1993-09-03','Female',52
440,'Lindy','MacGregor','1984-07-10','Female',75
441,'Alva','MacKenzie','1997-02-18','Female',130
442,'Deneen','MacLean','1990-08-29','Female',92
443,'Cleo','MacIntyre','1981-06-04','Female',40
444,'Katerina','McLeod','1988-03-17','Female',1
445,'Marnia','MacMillan','1976-12-25','Female',121
446,'Sherwin','MacPherson','2001-05-08','Male',85
447,'Doralyn','McTavish','1995-02-04','Female',64
448,'Eamon','Mackay','1980-09-16','Male',140
449,'Lezley','MacDougall','1985-07-05','Female',110
450,'Sherwin','Macintosh','1972-02-11','Male',58
451,'Marita','MacKenzie','1998-06-22','Female',24
452,'Ivor','MacLean','1969-04-07','Male',97
453,'Griselda','MacMillan','1988-01-19','Female',36
454,'Celesta','McLeod','1992-10-21','Female',139
455,'Lindy','MacGregor','1983-08-08','Female',81
456,'Alva','MacPherson','1996-03-23','Female',72
457,'Deneen','MacDonald','1987-12-12','Female',49
458,'Cleo','McIntyre','1979-01-06','Female',107
459,'Katerina','McKenzie','1994-05-14','Female',21
460,'Marnia','MacLean','1975-11-21','Female',127
461,'Sherwin','MacMillan','2000-08-27','Male',55
462,'Doralyn','McPherson','1992-04-09','Female',91
463,'Eamon','McTavish','1977-01-18','Male',14
464,'Lezley','Mackay','1982-10-05','Female',34
465,'Sherwin','MacDougall','1973-07-12','Male',116
466,'Marita','Macintosh','1997-03-14','Female',69
467,'Ivor','MacKenzie','1974-06-21','Male',122
468,'Griselda','MacLean','1984-02-29','Female',46
469,'Celesta','McMillan','1993-11-11','Female',83
470,'Lindy','McPherson','1989-09-20','Female',133
471,'Alva','MacDonald','1994-08-06','Female',76
472,'Deneen','McIntyre','1980-05-13','Female',103
473,'Cleo','McLeod','1978-02-02','Female',31
474,'Katerina','MacGregor','1991-11-28','Female',62
475,'Marnia','MacKenzie','1972-09-09','Female',98
476,'Sherwin','MacLean','1999-07-05','Male',29
477,'Doralyn','McMillan','1985-04-12','Female',57
478,'Eamon','McPherson','1976-12-16','Male',143
479,'Lezley','MacDonald','1981-01-23','Female',89
480,'Sherwin','McIntyre','1973-08-10','Male',120
481,'Marita','McLeod','1997-05-22','Female',45
482,'Ivor','MacGregor','1974-02-04','Male',84
483,'Griselda','MacKenzie','1989-12-28','Female',132
484,'Celesta','MacLean','1992-10-08','Female',71
485,'Lindy','McMillan','1983-06-17','Female',38
486,'Alva','McPherson','1994-03-19','Female',108
487,'Deneen','MacDonald','1980-11-10','Female',47
488,'Cleo','McIntyre','1975-07-24','Female',86
489,'Katerina','McLeod','1990-04-27','Female',19
490,'Marnia','MacGregor','1971-01-04','Female',125
491,'Sherwin','MacKenzie','1998-09-13','Male',51
492,'Doralyn','MacLean','1984-06-14','Female',90
493,'Eamon','McMillan','1975-03-21','Male',142
494,'Lezley','McPherson','1980-12-22','Female',87
495,'Sherwin','MacDonald','1972-10-26','Male',119
496,'Marita','McIntyre','1996-08-09','Female',44
497,'Ivor','McLeod','1973-05-18','Male',82
498,'Celesta','MacKenzie','1988-02-15','Female',134
499,'Lindy','MacLean','1993-11-24','Female',74
500,'Alva','McMillan','1979-09-07','Female',105
